Background of Architect,Proposed Structure Type,Required Construction Materials,Characterization of Blueprints,Is Structure Impossible?,Cost of Structure
Apprenticed under T. Geisel,Mansion,Glass and Dreams,Deceptively Ordinary,No,29719
Apprenticed under T. Geisel,Mechanism,Silver and Steel,Hastily Sketched,No,79489
Apprenticed under M. Escher,Tower,Steel and Silver,Obsessively Detailed,No,100373
Self-Taught,Mansion,Wood and Dreams,Obsessively Detailed,Yes,736
Apprenticed under P. Stamatin,Mansion,Glass and Silver,Hastily Sketched,Yes,113183
Apprenticed under P. Stamatin,Tower,Wood and Dreams,Hastily Sketched,Yes,860
Apprenticed under M. Escher,Library,Wood and Nightmares,Obsessively Detailed,No,894829
Self-Taught,Library,Silver and Steel,Hastily Sketched,Yes,99625
Apprenticed under M. Escher,Tower,Steel and Silver,Hastily Sketched,No,68646
Apprenticed under P. Stamatin,Mechanism,Glass and Dreams,Obsessively Detailed,Yes,25822
Apprenticed under T. Geisel,Mechanism,Silver and Wood,Obsessively Detailed,No,80103
Apprenticed under R. Penrose,Mansion,Silver and Steel,Hastily Sketched,No,68032
Self-Taught,Tower,Glass and Silver,Hastily Sketched,No,105318
Self-Taught,Tower,Wood and Dreams,Obsessively Detailed,No,842
Apprenticed under P. Stamatin,Mansion,Wood and Silver,Hastily Sketched,Yes,80438
Apprenticed under P. Stamatin,Mechanism,Glass and Steel,Deceptively Ordinary,Yes,43175
Apprenticed under M. Escher,Mansion,Glass and Dreams,Obsessively Detailed,No,22307
Apprenticed under T. Geisel,Tower,Steel and Wood,Obsessively Detailed,No,5021
Apprenticed under T. Geisel,Tower,Glass and Steel,Obsessively Detailed,No,29509
Apprenticed under B. Johnson,Tower,Wood and Dreams,Hastily Sketched,Yes,562
Apprenticed under R. Penrose,Tower,Wood and Glass,Deceptively Ordinary,No,23238
Apprenticed under R. Penrose,Tower,Steel and Wood,Obsessively Detailed,No,3596
Apprenticed under M. Escher,Tower,Wood and Nightmares,Obsessively Detailed,No,281913
Self-Taught,Tower,Steel and Wood,Obsessively Detailed,Yes,5393
Apprenticed under P. Stamatin,Mechanism,Wood and Dreams,Obsessively Detailed,Yes,994
Apprenticed under T. Geisel,Library,Silver and Glass,Hastily Sketched,No,108953
Apprenticed under M. Escher,Tower,Steel and Nightmares,Hastily Sketched,No,405288
Apprenticed under R. Penrose,Mechanism,Steel and Nightmares,Hastily Sketched,No,533697
Apprenticed under R. Penrose,Mechanism,Silver and Steel,Deceptively Ordinary,No,76693
Self-Taught,Mechanism,Wood and Nightmares,Deceptively Ordinary,No,791752
Apprenticed under R. Penrose,Mansion,Steel and Wood,Obsessively Detailed,No,10301
Self-Taught,Library,Silver and Steel,Obsessively Detailed,No,61100
Apprenticed under M. Escher,Mansion,Wood and Nightmares,Hastily Sketched,No,759663
Self-Taught,Tower,Silver and Wood,Deceptively Ordinary,No,86354
Apprenticed under P. Stamatin,Tower,Silver and Glass,Obsessively Detailed,Yes,104155
Self-Taught,Tower,Wood and Glass,Hastily Sketched,No,31130
Apprenticed under P. Stamatin,Mechanism,Wood and Silver,Hastily Sketched,Yes,66350
Apprenticed under P. Stamatin,Tower,Wood and Glass,Obsessively Detailed,Yes,33661
Self-Taught,Library,Steel and Wood,Deceptively Ordinary,No,5842
Self-Taught,Library,Wood and Dreams,Hastily Sketched,Yes,804
Apprenticed under T. Geisel,Mansion,Steel and Nightmares,Hastily Sketched,No,944021
Apprenticed under B. Johnson,Tower,Glass and Dreams,Deceptively Ordinary,Yes,35996
Self-Taught,Tower,Glass and Nightmares,Hastily Sketched,Yes,240428
Self-Taught,Tower,Glass and Nightmares,Obsessively Detailed,Yes,989681
Self-Taught,Library,Silver and Nightmares,Obsessively Detailed,No,807248
Apprenticed under T. Geisel,Mechanism,Steel and Wood,Deceptively Ordinary,No,7201
Self-Taught,Mansion,Glass and Steel,Obsessively Detailed,No,39076
Apprenticed under B. Johnson,Tower,Glass and Dreams,Hastily Sketched,Yes,22988
Apprenticed under T. Geisel,Mansion,Wood and Silver,Hastily Sketched,No,87084
Self-Taught,Mansion,Silver and Wood,Obsessively Detailed,Yes,66051
Apprenticed under T. Geisel,Mansion,Wood and Dreams,Obsessively Detailed,No,954
Apprenticed under M. Escher,Mansion,Silver and Dreams,Hastily Sketched,No,84980
Apprenticed under T. Geisel,Mansion,Steel and Nightmares,Hastily Sketched,No,507471
Apprenticed under B. Johnson,Tower,Wood and Dreams,Hastily Sketched,Yes,875
Self-Taught,Tower,Silver and Glass,Deceptively Ordinary,Yes,102200
Apprenticed under R. Penrose,Library,Steel and Nightmares,Deceptively Ordinary,No,378780
Self-Taught,Mechanism,Glass and Wood,Hastily Sketched,No,23211
Apprenticed under B. Johnson,Tower,Steel and Silver,Obsessively Detailed,Yes,63361
Apprenticed under T. Geisel,Tower,Silver and Wood,Hastily Sketched,No,100751
Apprenticed under B. Johnson,Tower,Steel and Dreams,Deceptively Ordinary,Yes,5024
Self-Taught,Tower,Steel and Silver,Hastily Sketched,No,89244
Apprenticed under P. Stamatin,Mechanism,Glass and Nightmares,Deceptively Ordinary,Yes,748015
Self-Taught,Mechanism,Wood and Silver,Hastily Sketched,No,88205
Apprenticed under T. Geisel,Mansion,Steel and Dreams,Hastily Sketched,No,6821
Apprenticed under T. Geisel,Mechanism,Silver and Steel,Obsessively Detailed,No,92884
Self-Taught,Mechanism,Wood and Dreams,Hastily Sketched,Yes,520
Apprenticed under P. Stamatin,Mansion,Steel and Wood,Obsessively Detailed,Yes,6372
Apprenticed under T. Geisel,Mechanism,Wood and Silver,Obsessively Detailed,No,90253
Apprenticed under P. Stamatin,Mechanism,Silver and Dreams,Obsessively Detailed,Yes,60305
Apprenticed under R. Penrose,Mansion,Steel and Glass,Obsessively Detailed,No,43717
Apprenticed under M. Escher,Tower,Wood and Nightmares,Obsessively Detailed,No,606077
Self-Taught,Mansion,Silver and Dreams,Hastily Sketched,Yes,88624
Apprenticed under T. Geisel,Tower,Silver and Wood,Hastily Sketched,No,62812
Apprenticed under T. Geisel,Tower,Silver and Dreams,Deceptively Ordinary,No,57045
Apprenticed under R. Penrose,Library,Steel and Dreams,Obsessively Detailed,No,9894
Apprenticed under R. Penrose,Mechanism,Steel and Glass,Hastily Sketched,No,38375
Self-Taught,Tower,Glass and Silver,Hastily Sketched,No,111482
Apprenticed under B. Johnson,Mansion,Glass and Wood,Obsessively Detailed,Yes,36274
Self-Taught,Mechanism,Silver and Nightmares,Obsessively Detailed,No,817074
Apprenticed under B. Johnson,Library,Steel and Silver,Obsessively Detailed,Yes,106717
Apprenticed under T. Geisel,Mansion,Wood and Nightmares,Deceptively Ordinary,No,997603
Self-Taught,Mansion,Steel and Glass,Obsessively Detailed,Yes,41435
Self-Taught,Tower,Silver and Dreams,Hastily Sketched,Yes,97239
Apprenticed under R. Penrose,Tower,Steel and Wood,Obsessively Detailed,No,9500
Apprenticed under M. Escher,Mechanism,Silver and Nightmares,Deceptively Ordinary,No,356021
Apprenticed under P. Stamatin,Mechanism,Wood and Glass,Hastily Sketched,Yes,22692
Apprenticed under M. Escher,Tower,Wood and Nightmares,Obsessively Detailed,No,749858
Self-Taught,Mechanism,Silver and Steel,Hastily Sketched,Yes,70596
Apprenticed under B. Johnson,Tower,Glass and Steel,Hastily Sketched,Yes,29994
Apprenticed under T. Geisel,Tower,Wood and Silver,Hastily Sketched,No,83453
Apprenticed under B. Johnson,Tower,Wood and Nightmares,Hastily Sketched,Yes,220405
Apprenticed under R. Penrose,Tower,Steel and Wood,Deceptively Ordinary,No,3571
Self-Taught,Tower,Steel and Dreams,Deceptively Ordinary,Yes,5787
Apprenticed under R. Penrose,Mechanism,Wood and Steel,Obsessively Detailed,No,3817
Apprenticed under R. Penrose,Mansion,Glass and Wood,Hastily Sketched,No,39816
Apprenticed under T. Geisel,Mechanism,Steel and Wood,Obsessively Detailed,No,4158
Apprenticed under B. Johnson,Tower,Silver and Wood,Hastily Sketched,Yes,70541
Self-Taught,Mansion,Silver and Steel,Deceptively Ordinary,No,103048
Apprenticed under T. Geisel,Mechanism,Wood and Steel,Hastily Sketched,No,5676
Apprenticed under P. Stamatin,Tower,Steel and Glass,Hastily Sketched,Yes,39901
Apprenticed under T. Geisel,Mechanism,Glass and Wood,Hastily Sketched,No,39592
Self-Taught,Tower,Wood and Steel,Obsessively Detailed,No,9209
Apprenticed under P. Stamatin,Mansion,Glass and Wood,Deceptively Ordinary,Yes,24475
Apprenticed under T. Geisel,Mechanism,Glass and Wood,Deceptively Ordinary,No,33174
Apprenticed under M. Escher,Tower,Wood and Steel,Obsessively Detailed,No,6421
Self-Taught,Mansion,Glass and Dreams,Obsessively Detailed,No,23124
Apprenticed under P. Stamatin,Tower,Silver and Nightmares,Obsessively Detailed,Yes,733039
Apprenticed under T. Geisel,Mansion,Wood and Nightmares,Hastily Sketched,No,735426
Self-Taught,Tower,Silver and Glass,Obsessively Detailed,No,91852
Self-Taught,Mansion,Silver and Steel,Hastily Sketched,No,56827
Self-Taught,Mansion,Steel and Silver,Hastily Sketched,No,103411
Apprenticed under M. Escher,Tower,Silver and Dreams,Hastily Sketched,No,64137
Apprenticed under P. Stamatin,Mechanism,Silver and Wood,Hastily Sketched,Yes,71358
Apprenticed under T. Geisel,Library,Glass and Steel,Deceptively Ordinary,No,34467
Self-Taught,Tower,Wood and Nightmares,Deceptively Ordinary,No,312422
Apprenticed under B. Johnson,Mansion,Silver and Steel,Deceptively Ordinary,Yes,90861
Apprenticed under P. Stamatin,Library,Steel and Silver,Deceptively Ordinary,Yes,60228
Apprenticed under T. Geisel,Tower,Silver and Nightmares,Hastily Sketched,No,466938
Apprenticed under T. Geisel,Mechanism,Wood and Glass,Deceptively Ordinary,No,34727
Self-Taught,Library,Silver and Nightmares,Hastily Sketched,No,748760
Self-Taught,Mechanism,Glass and Nightmares,Obsessively Detailed,Yes,681094
Self-Taught,Tower,Steel and Glass,Obsessively Detailed,Yes,31687
Apprenticed under B. Johnson,Library,Wood and Glass,Deceptively Ordinary,Yes,23917
Apprenticed under T. Geisel,Tower,Steel and Wood,Deceptively Ordinary,No,5785
Apprenticed under P. Stamatin,Mechanism,Silver and Glass,Hastily Sketched,Yes,118565
Self-Taught,Mechanism,Wood and Nightmares,Deceptively Ordinary,Yes,268343
Self-Taught,Mansion,Steel and Dreams,Hastily Sketched,No,4380
Apprenticed under P. Stamatin,Mansion,Glass and Steel,Deceptively Ordinary,Yes,28653
Apprenticed under B. Johnson,Library,Glass and Silver,Deceptively Ordinary,Yes,106129
Apprenticed under B. Johnson,Mechanism,Glass and Wood,Hastily Sketched,Yes,21371
Apprenticed under T. Geisel,Tower,Silver and Steel,Hastily Sketched,No,65314
Apprenticed under B. Johnson,Tower,Steel and Silver,Obsessively Detailed,Yes,82056
Apprenticed under T. Geisel,Mechanism,Wood and Dreams,Obsessively Detailed,No,660
Apprenticed under T. Geisel,Tower,Wood and Dreams,Hastily Sketched,No,684
Apprenticed under P. Stamatin,Mansion,Steel and Wood,Hastily Sketched,Yes,8249
Apprenticed under T. Geisel,Mechanism,Steel and Glass,Deceptively Ordinary,No,39001
Self-Taught,Mansion,Wood and Silver,Hastily Sketched,No,72658
Apprenticed under P. Stamatin,Mechanism,Steel and Glass,Hastily Sketched,Yes,27508
Apprenticed under M. Escher,Tower,Wood and Glass,Deceptively Ordinary,No,37167
Apprenticed under R. Penrose,Mansion,Steel and Dreams,Hastily Sketched,No,5920
Self-Taught,Mansion,Glass and Steel,Hastily Sketched,No,44873
Apprenticed under M. Escher,Tower,Glass and Nightmares,Obsessively Detailed,No,712572
Apprenticed under R. Penrose,Mechanism,Glass and Steel,Hastily Sketched,No,27250
Apprenticed under B. Johnson,Tower,Silver and Wood,Deceptively Ordinary,Yes,63081
Apprenticed under M. Escher,Library,Silver and Dreams,Hastily Sketched,No,56090
Self-Taught,Library,Steel and Silver,Hastily Sketched,No,85064
Self-Taught,Tower,Steel and Nightmares,Hastily Sketched,No,466308
Apprenticed under T. Geisel,Mechanism,Steel and Glass,Obsessively Detailed,No,39566
Apprenticed under R. Penrose,Mechanism,Glass and Steel,Obsessively Detailed,No,41192
Apprenticed under T. Geisel,Tower,Silver and Wood,Hastily Sketched,No,57382
Apprenticed under M. Escher,Mechanism,Glass and Silver,Hastily Sketched,No,81313
Self-Taught,Mansion,Silver and Steel,Obsessively Detailed,Yes,90656
Self-Taught,Mechanism,Glass and Dreams,Deceptively Ordinary,No,26174
Apprenticed under R. Penrose,Library,Silver and Wood,Deceptively Ordinary,No,91331
Apprenticed under R. Penrose,Mansion,Wood and Nightmares,Hastily Sketched,No,522052
Self-Taught,Mansion,Glass and Steel,Hastily Sketched,Yes,28577
Self-Taught,Mansion,Silver and Glass,Obsessively Detailed,No,108094
Apprenticed under B. Johnson,Tower,Wood and Steel,Deceptively Ordinary,Yes,3252
Apprenticed under B. Johnson,Tower,Wood and Steel,Deceptively Ordinary,Yes,3010
Self-Taught,Tower,Silver and Wood,Hastily Sketched,Yes,91720
Apprenticed under B. Johnson,Mansion,Steel and Wood,Deceptively Ordinary,Yes,6161
Self-Taught,Library,Silver and Steel,Obsessively Detailed,No,72509
Self-Taught,Mechanism,Glass and Silver,Obsessively Detailed,No,81350
Self-Taught,Mansion,Wood and Glass,Hastily Sketched,No,37946
Apprenticed under P. Stamatin,Library,Steel and Nightmares,Hastily Sketched,Yes,876750
Self-Taught,Tower,Steel and Dreams,Obsessively Detailed,No,6491
Apprenticed under P. Stamatin,Mechanism,Silver and Dreams,Obsessively Detailed,Yes,57504
Self-Taught,Mansion,Silver and Nightmares,Hastily Sketched,No,325674
Self-Taught,Mansion,Silver and Steel,Hastily Sketched,No,66654
Apprenticed under M. Escher,Mansion,Glass and Steel,Obsessively Detailed,No,34987
Apprenticed under T. Geisel,Mechanism,Silver and Steel,Deceptively Ordinary,No,107050
Apprenticed under R. Penrose,Mechanism,Silver and Steel,Hastily Sketched,No,80567
Apprenticed under T. Geisel,Mansion,Wood and Glass,Hastily Sketched,No,40550
Self-Taught,Library,Glass and Nightmares,Obsessively Detailed,No,647560
Apprenticed under T. Geisel,Mansion,Wood and Steel,Hastily Sketched,No,5419
Self-Taught,Mechanism,Glass and Nightmares,Hastily Sketched,Yes,824529
Self-Taught,Mechanism,Steel and Dreams,Deceptively Ordinary,No,4330
Apprenticed under P. Stamatin,Mansion,Steel and Silver,Hastily Sketched,Yes,59046
Self-Taught,Mechanism,Glass and Wood,Hastily Sketched,No,30582
Apprenticed under B. Johnson,Tower,Steel and Nightmares,Hastily Sketched,Yes,545494
Self-Taught,Mechanism,Steel and Wood,Obsessively Detailed,No,3814
Apprenticed under P. Stamatin,Mechanism,Glass and Silver,Deceptively Ordinary,Yes,98383
Self-Taught,Tower,Silver and Glass,Hastily Sketched,Yes,107985
Apprenticed under T. Geisel,Tower,Silver and Nightmares,Obsessively Detailed,No,261827
Apprenticed under P. Stamatin,Tower,Silver and Nightmares,Deceptively Ordinary,Yes,302302
Apprenticed under P. Stamatin,Mechanism,Wood and Silver,Hastily Sketched,Yes,99759
Self-Taught,Library,Silver and Wood,Deceptively Ordinary,No,85514
Apprenticed under M. Escher,Tower,Wood and Silver,Hastily Sketched,No,88496
Apprenticed under P. Stamatin,Tower,Steel and Silver,Hastily Sketched,Yes,80435
Apprenticed under P. Stamatin,Library,Steel and Dreams,Hastily Sketched,Yes,5524
Apprenticed under P. Stamatin,Mechanism,Steel and Glass,Hastily Sketched,Yes,40652
Apprenticed under T. Geisel,Mechanism,Wood and Steel,Hastily Sketched,No,2603
Self-Taught,Tower,Steel and Glass,Deceptively Ordinary,No,40545
Apprenticed under B. Johnson,Tower,Steel and Silver,Deceptively Ordinary,Yes,64979
Apprenticed under B. Johnson,Mansion,Wood and Steel,Deceptively Ordinary,Yes,6910
Self-Taught,Tower,Steel and Silver,Deceptively Ordinary,Yes,88419
Apprenticed under B. Johnson,Mechanism,Wood and Glass,Hastily Sketched,Yes,37865
Self-Taught,Mansion,Wood and Glass,Obsessively Detailed,No,34055
Apprenticed under R. Penrose,Tower,Steel and Glass,Deceptively Ordinary,No,24986
Self-Taught,Mechanism,Wood and Nightmares,Obsessively Detailed,No,644479
Apprenticed under M. Escher,Library,Silver and Nightmares,Hastily Sketched,No,735942
Self-Taught,Tower,Wood and Silver,Obsessively Detailed,Yes,63649
Apprenticed under B. Johnson,Library,Glass and Steel,Deceptively Ordinary,Yes,48699
Self-Taught,Mechanism,Wood and Silver,Hastily Sketched,No,82870
Self-Taught,Mansion,Steel and Dreams,Obsessively Detailed,No,6887
Apprenticed under P. Stamatin,Tower,Glass and Nightmares,Obsessively Detailed,Yes,839914
Self-Taught,Mechanism,Glass and Dreams,Hastily Sketched,No,21600
Apprenticed under T. Geisel,Mechanism,Steel and Glass,Deceptively Ordinary,No,45844
Apprenticed under B. Johnson,Tower,Glass and Wood,Hastily Sketched,Yes,24215
Apprenticed under T. Geisel,Mechanism,Steel and Wood,Deceptively Ordinary,No,8013
Apprenticed under M. Escher,Mansion,Steel and Dreams,Deceptively Ordinary,No,9347
Apprenticed under P. Stamatin,Tower,Steel and Glass,Obsessively Detailed,Yes,44344
Apprenticed under B. Johnson,Mansion,Steel and Silver,Deceptively Ordinary,Yes,76132
Self-Taught,Tower,Wood and Glass,Deceptively Ordinary,Yes,27577
Self-Taught,Mansion,Glass and Silver,Obsessively Detailed,Yes,115994
Apprenticed under M. Escher,Library,Steel and Glass,Hastily Sketched,No,39576
Apprenticed under T. Geisel,Tower,Wood and Dreams,Obsessively Detailed,No,540
Self-Taught,Mechanism,Steel and Dreams,Deceptively Ordinary,No,8438
Self-Taught,Mansion,Wood and Steel,Obsessively Detailed,No,3970
Self-Taught,Mechanism,Steel and Nightmares,Obsessively Detailed,Yes,595898
Apprenticed under B. Johnson,Library,Wood and Glass,Hastily Sketched,Yes,26252
Self-Taught,Tower,Wood and Steel,Hastily Sketched,No,9744
Self-Taught,Mansion,Wood and Silver,Hastily Sketched,No,69998
Apprenticed under M. Escher,Tower,Steel and Wood,Hastily Sketched,No,9348
Self-Taught,Tower,Steel and Dreams,Obsessively Detailed,Yes,7389
Self-Taught,Mansion,Silver and Glass,Obsessively Detailed,Yes,124011
Apprenticed under T. Geisel,Mechanism,Silver and Wood,Deceptively Ordinary,No,54356
Apprenticed under B. Johnson,Mansion,Silver and Dreams,Deceptively Ordinary,Yes,62282
Apprenticed under T. Geisel,Tower,Silver and Nightmares,Deceptively Ordinary,No,351235
Self-Taught,Mansion,Steel and Silver,Obsessively Detailed,Yes,95812
Self-Taught,Mansion,Glass and Dreams,Obsessively Detailed,No,39282
Self-Taught,Tower,Silver and Nightmares,Hastily Sketched,No,967237
Apprenticed under T. Geisel,Mansion,Silver and Dreams,Obsessively Detailed,No,73099
Apprenticed under P. Stamatin,Mansion,Silver and Wood,Hastily Sketched,Yes,88648
Apprenticed under T. Geisel,Mansion,Silver and Wood,Deceptively Ordinary,No,89122
Apprenticed under M. Escher,Tower,Glass and Wood,Hastily Sketched,No,35131
Apprenticed under T. Geisel,Mechanism,Glass and Dreams,Obsessively Detailed,No,28624
Self-Taught,Mansion,Steel and Nightmares,Deceptively Ordinary,Yes,693560
Self-Taught,Tower,Silver and Glass,Deceptively Ordinary,No,88024
Apprenticed under B. Johnson,Tower,Silver and Glass,Obsessively Detailed,Yes,101080
Self-Taught,Tower,Steel and Wood,Deceptively Ordinary,Yes,9230
Apprenticed under B. Johnson,Library,Silver and Steel,Obsessively Detailed,Yes,69706
Apprenticed under P. Stamatin,Tower,Glass and Wood,Obsessively Detailed,Yes,30697
Apprenticed under B. Johnson,Tower,Silver and Glass,Obsessively Detailed,Yes,102465
Apprenticed under T. Geisel,Mansion,Steel and Glass,Deceptively Ordinary,No,32651
Apprenticed under P. Stamatin,Tower,Steel and Nightmares,Hastily Sketched,Yes,678416
Apprenticed under B. Johnson,Mechanism,Steel and Dreams,Obsessively Detailed,Yes,7154
Self-Taught,Mansion,Steel and Nightmares,Deceptively Ordinary,Yes,216735
Apprenticed under T. Geisel,Library,Steel and Glass,Hastily Sketched,No,34790
Apprenticed under B. Johnson,Tower,Silver and Nightmares,Obsessively Detailed,Yes,1026972
Apprenticed under R. Penrose,Mechanism,Steel and Dreams,Hastily Sketched,No,8620
Apprenticed under P. Stamatin,Mansion,Glass and Silver,Hastily Sketched,Yes,112947
Self-Taught,Tower,Wood and Silver,Deceptively Ordinary,Yes,79190
Apprenticed under T. Geisel,Tower,Silver and Nightmares,Deceptively Ordinary,No,960388
Self-Taught,Mechanism,Wood and Silver,Hastily Sketched,No,82995
Apprenticed under P. Stamatin,Tower,Steel and Wood,Obsessively Detailed,Yes,5566
Apprenticed under R. Penrose,Tower,Wood and Glass,Hastily Sketched,No,32061
Apprenticed under P. Stamatin,Mechanism,Glass and Dreams,Deceptively Ordinary,Yes,24593
Self-Taught,Mansion,Steel and Dreams,Obsessively Detailed,Yes,8584
Apprenticed under R. Penrose,Tower,Wood and Dreams,Deceptively Ordinary,No,779
Apprenticed under P. Stamatin,Library,Wood and Nightmares,Deceptively Ordinary,Yes,900544
Apprenticed under T. Geisel,Tower,Wood and Nightmares,Hastily Sketched,No,871483
Apprenticed under T. Geisel,Mansion,Steel and Wood,Deceptively Ordinary,No,5816
Apprenticed under T. Geisel,Tower,Glass and Dreams,Obsessively Detailed,No,28446
Apprenticed under T. Geisel,Tower,Glass and Wood,Hastily Sketched,No,35588
Apprenticed under M. Escher,Mansion,Glass and Steel,Obsessively Detailed,No,30816
Apprenticed under T. Geisel,Mansion,Steel and Silver,Hastily Sketched,No,75946
Apprenticed under T. Geisel,Mansion,Glass and Steel,Deceptively Ordinary,No,43061
Self-Taught,Tower,Steel and Glass,Hastily Sketched,No,41892
Apprenticed under M. Escher,Tower,Glass and Steel,Hastily Sketched,No,27271
Apprenticed under T. Geisel,Mechanism,Steel and Silver,Obsessively Detailed,No,69661
Apprenticed under T. Geisel,Mechanism,Glass and Steel,Hastily Sketched,No,33762
Self-Taught,Mechanism,Glass and Steel,Hastily Sketched,No,46286
Self-Taught,Mansion,Glass and Dreams,Hastily Sketched,No,26536
Apprenticed under M. Escher,Library,Wood and Steel,Hastily Sketched,No,3041
Apprenticed under R. Penrose,Tower,Steel and Wood,Obsessively Detailed,No,7805
Self-Taught,Tower,Silver and Nightmares,Hastily Sketched,Yes,773128
Apprenticed under P. Stamatin,Tower,Wood and Silver,Hastily Sketched,Yes,71385
Apprenticed under P. Stamatin,Tower,Wood and Glass,Deceptively Ordinary,Yes,21812
Self-Taught,Tower,Steel and Silver,Obsessively Detailed,No,92476
Apprenticed under B. Johnson,Tower,Glass and Silver,Hastily Sketched,Yes,80197
Self-Taught,Mansion,Steel and Dreams,Obsessively Detailed,No,7271
Apprenticed under R. Penrose,Library,Wood and Steel,Deceptively Ordinary,No,3717
Self-Taught,Library,Wood and Glass,Deceptively Ordinary,No,29833
Apprenticed under T. Geisel,Tower,Steel and Glass,Deceptively Ordinary,No,32737
Self-Taught,Mechanism,Glass and Wood,Deceptively Ordinary,No,39214
Apprenticed under B. Johnson,Tower,Steel and Silver,Obsessively Detailed,Yes,69401
Self-Taught,Tower,Steel and Glass,Hastily Sketched,Yes,32727
Apprenticed under P. Stamatin,Mechanism,Silver and Wood,Obsessively Detailed,Yes,55028
Apprenticed under P. Stamatin,Mechanism,Wood and Nightmares,Hastily Sketched,Yes,229925
Apprenticed under B. Johnson,Tower,Steel and Glass,Obsessively Detailed,Yes,33423
Self-Taught,Mansion,Glass and Dreams,Obsessively Detailed,No,36596
Apprenticed under T. Geisel,Tower,Glass and Silver,Obsessively Detailed,No,116161
Self-Taught,Mechanism,Silver and Nightmares,Obsessively Detailed,No,774891
Self-Taught,Tower,Silver and Glass,Hastily Sketched,No,106565
Self-Taught,Tower,Glass and Wood,Obsessively Detailed,No,25322
Apprenticed under M. Escher,Mechanism,Silver and Glass,Obsessively Detailed,No,137127
Apprenticed under T. Geisel,Mechanism,Steel and Nightmares,Hastily Sketched,No,879571
Apprenticed under B. Johnson,Mechanism,Steel and Glass,Obsessively Detailed,Yes,44377
Self-Taught,Tower,Steel and Wood,Obsessively Detailed,Yes,10328
Apprenticed under P. Stamatin,Library,Wood and Silver,Deceptively Ordinary,Yes,51916
Self-Taught,Tower,Silver and Glass,Obsessively Detailed,No,109710
Apprenticed under B. Johnson,Tower,Glass and Silver,Deceptively Ordinary,Yes,103368
Self-Taught,Tower,Glass and Silver,Deceptively Ordinary,No,91273
Apprenticed under M. Escher,Mansion,Wood and Steel,Obsessively Detailed,No,8980
Apprenticed under R. Penrose,Tower,Glass and Silver,Deceptively Ordinary,No,85987
Apprenticed under R. Penrose,Mechanism,Wood and Steel,Deceptively Ordinary,No,6747
Apprenticed under T. Geisel,Tower,Steel and Silver,Hastily Sketched,No,68129
Apprenticed under R. Penrose,Mechanism,Wood and Glass,Deceptively Ordinary,No,27128
Apprenticed under B. Johnson,Tower,Silver and Dreams,Obsessively Detailed,Yes,83221
Apprenticed under M. Escher,Tower,Wood and Dreams,Obsessively Detailed,No,715
Self-Taught,Tower,Wood and Glass,Deceptively Ordinary,Yes,36748
Self-Taught,Library,Glass and Silver,Hastily Sketched,No,81006
Apprenticed under P. Stamatin,Tower,Glass and Nightmares,Deceptively Ordinary,Yes,1019369
Self-Taught,Mechanism,Steel and Silver,Obsessively Detailed,No,81067
Apprenticed under P. Stamatin,Tower,Wood and Silver,Deceptively Ordinary,Yes,92549
Self-Taught,Mansion,Steel and Dreams,Hastily Sketched,No,7307
Self-Taught,Mechanism,Silver and Nightmares,Deceptively Ordinary,Yes,1041725
Apprenticed under T. Geisel,Mechanism,Steel and Wood,Deceptively Ordinary,No,9618
Self-Taught,Mechanism,Wood and Nightmares,Hastily Sketched,No,447598
Apprenticed under B. Johnson,Mansion,Wood and Dreams,Obsessively Detailed,Yes,507
Self-Taught,Library,Wood and Steel,Deceptively Ordinary,No,6266
Apprenticed under P. Stamatin,Mechanism,Steel and Silver,Hastily Sketched,Yes,101614
Apprenticed under T. Geisel,Tower,Wood and Steel,Obsessively Detailed,No,8308
Self-Taught,Tower,Glass and Dreams,Hastily Sketched,No,26262
Apprenticed under B. Johnson,Mansion,Steel and Dreams,Obsessively Detailed,Yes,6133
Self-Taught,Mansion,Steel and Glass,Obsessively Detailed,Yes,30283
Apprenticed under R. Penrose,Mechanism,Silver and Glass,Hastily Sketched,No,94573
Self-Taught,Tower,Silver and Nightmares,Deceptively Ordinary,Yes,508562
Self-Taught,Tower,Wood and Glass,Obsessively Detailed,No,23254
Self-Taught,Mechanism,Glass and Steel,Deceptively Ordinary,No,38909
Self-Taught,Tower,Glass and Nightmares,Hastily Sketched,Yes,862166
Apprenticed under M. Escher,Tower,Silver and Wood,Hastily Sketched,No,77799
Apprenticed under B. Johnson,Mansion,Steel and Nightmares,Hastily Sketched,Yes,311122
Apprenticed under R. Penrose,Library,Silver and Wood,Hastily Sketched,No,77088
Apprenticed under M. Escher,Library,Wood and Nightmares,Obsessively Detailed,No,924593
Self-Taught,Tower,Wood and Glass,Deceptively Ordinary,No,28390
Apprenticed under P. Stamatin,Mechanism,Steel and Dreams,Hastily Sketched,Yes,6262
Self-Taught,Tower,Steel and Nightmares,Obsessively Detailed,No,426234
Apprenticed under P. Stamatin,Mansion,Silver and Nightmares,Hastily Sketched,Yes,1000331
Self-Taught,Mechanism,Silver and Wood,Hastily Sketched,Yes,88607
Self-Taught,Library,Wood and Glass,Deceptively Ordinary,No,36117
Self-Taught,Mechanism,Glass and Nightmares,Hastily Sketched,No,756433
Apprenticed under T. Geisel,Mansion,Glass and Silver,Obsessively Detailed,No,76195
Apprenticed under B. Johnson,Tower,Steel and Silver,Deceptively Ordinary,Yes,77807
Apprenticed under P. Stamatin,Mansion,Glass and Nightmares,Deceptively Ordinary,Yes,719536
Apprenticed under T. Geisel,Mechanism,Silver and Glass,Deceptively Ordinary,No,101193
Apprenticed under R. Penrose,Tower,Glass and Wood,Hastily Sketched,No,25887
Self-Taught,Mechanism,Glass and Silver,Obsessively Detailed,No,119097
Apprenticed under T. Geisel,Tower,Steel and Glass,Deceptively Ordinary,No,39785
Apprenticed under M. Escher,Library,Glass and Wood,Deceptively Ordinary,No,34337
Apprenticed under R. Penrose,Tower,Wood and Steel,Obsessively Detailed,No,10453
Self-Taught,Mechanism,Silver and Wood,Deceptively Ordinary,No,91093
Apprenticed under B. Johnson,Tower,Steel and Dreams,Hastily Sketched,Yes,9698
Apprenticed under P. Stamatin,Library,Glass and Steel,Hastily Sketched,Yes,39898
Apprenticed under B. Johnson,Tower,Steel and Wood,Obsessively Detailed,Yes,6930
Self-Taught,Mansion,Glass and Wood,Hastily Sketched,Yes,30502
Apprenticed under R. Penrose,Mechanism,Silver and Glass,Obsessively Detailed,No,134253
Self-Taught,Tower,Silver and Glass,Hastily Sketched,No,120999
Apprenticed under P. Stamatin,Tower,Steel and Glass,Deceptively Ordinary,Yes,39589
Apprenticed under B. Johnson,Tower,Wood and Nightmares,Deceptively Ordinary,Yes,453884
Apprenticed under B. Johnson,Library,Glass and Steel,Deceptively Ordinary,Yes,36824
Apprenticed under B. Johnson,Tower,Wood and Glass,Hastily Sketched,Yes,31935
Apprenticed under T. Geisel,Mechanism,Steel and Glass,Obsessively Detailed,No,41747
Apprenticed under M. Escher,Tower,Wood and Nightmares,Obsessively Detailed,No,871867
Apprenticed under M. Escher,Mechanism,Silver and Steel,Obsessively Detailed,No,63115
Self-Taught,Mansion,Glass and Dreams,Deceptively Ordinary,No,36036
Apprenticed under R. Penrose,Tower,Steel and Wood,Deceptively Ordinary,No,6069
Self-Taught,Mansion,Steel and Nightmares,Hastily Sketched,No,668501
Self-Taught,Tower,Glass and Wood,Hastily Sketched,Yes,32681
Apprenticed under R. Penrose,Library,Glass and Nightmares,Deceptively Ordinary,No,1010312
Apprenticed under R. Penrose,Tower,Silver and Nightmares,Obsessively Detailed,No,1010414
Self-Taught,Mechanism,Silver and Wood,Hastily Sketched,Yes,79471
Self-Taught,Tower,Silver and Glass,Hastily Sketched,No,123582
Apprenticed under M. Escher,Tower,Glass and Dreams,Hastily Sketched,No,35454
Apprenticed under P. Stamatin,Tower,Glass and Dreams,Hastily Sketched,Yes,34807
Self-Taught,Mansion,Wood and Silver,Hastily Sketched,No,73157
Apprenticed under B. Johnson,Mechanism,Silver and Glass,Deceptively Ordinary,Yes,80528
Apprenticed under T. Geisel,Mansion,Steel and Silver,Obsessively Detailed,No,59108
Self-Taught,Tower,Silver and Nightmares,Deceptively Ordinary,Yes,313783
Self-Taught,Tower,Silver and Glass,Obsessively Detailed,Yes,113700
Apprenticed under R. Penrose,Mansion,Silver and Steel,Obsessively Detailed,No,80580
Apprenticed under T. Geisel,Library,Silver and Nightmares,Deceptively Ordinary,No,889024
Self-Taught,Library,Steel and Glass,Deceptively Ordinary,No,33542
Apprenticed under P. Stamatin,Tower,Glass and Steel,Obsessively Detailed,Yes,38746
Apprenticed under P. Stamatin,Mechanism,Wood and Dreams,Obsessively Detailed,Yes,679
Self-Taught,Mansion,Glass and Steel,Deceptively Ordinary,No,47860
Self-Taught,Mechanism,Silver and Wood,Obsessively Detailed,No,88086
Apprenticed under B. Johnson,Library,Steel and Wood,Obsessively Detailed,Yes,8673
Self-Taught,Mansion,Glass and Nightmares,Obsessively Detailed,No,960594
Apprenticed under B. Johnson,Mechanism,Glass and Silver,Obsessively Detailed,Yes,98193
Apprenticed under P. Stamatin,Mansion,Steel and Silver,Deceptively Ordinary,Yes,99806
Apprenticed under B. Johnson,Tower,Steel and Silver,Deceptively Ordinary,Yes,72947
Self-Taught,Tower,Wood and Steel,Obsessively Detailed,No,10013
Apprenticed under P. Stamatin,Tower,Steel and Silver,Obsessively Detailed,Yes,73168
Self-Taught,Tower,Wood and Silver,Obsessively Detailed,No,56592
Apprenticed under P. Stamatin,Mechanism,Silver and Wood,Hastily Sketched,Yes,80819
Apprenticed under B. Johnson,Tower,Steel and Silver,Hastily Sketched,Yes,68022
Self-Taught,Mansion,Steel and Glass,Obsessively Detailed,Yes,41478
Apprenticed under R. Penrose,Tower,Steel and Silver,Hastily Sketched,No,68395
Apprenticed under P. Stamatin,Mansion,Silver and Steel,Obsessively Detailed,Yes,105753
Apprenticed under T. Geisel,Tower,Wood and Dreams,Deceptively Ordinary,No,992
Apprenticed under R. Penrose,Library,Steel and Silver,Hastily Sketched,No,77127
Apprenticed under P. Stamatin,Mansion,Silver and Wood,Hastily Sketched,Yes,87307
Apprenticed under M. Escher,Mechanism,Wood and Dreams,Obsessively Detailed,No,791
Apprenticed under B. Johnson,Mechanism,Steel and Dreams,Hastily Sketched,Yes,2330
Apprenticed under B. Johnson,Mansion,Silver and Dreams,Obsessively Detailed,Yes,56420
Apprenticed under R. Penrose,Mechanism,Glass and Wood,Hastily Sketched,No,23767
Self-Taught,Tower,Steel and Wood,Hastily Sketched,No,8880
Apprenticed under R. Penrose,Mansion,Steel and Wood,Hastily Sketched,No,10018
Self-Taught,Tower,Wood and Silver,Deceptively Ordinary,No,84734
Apprenticed under M. Escher,Library,Wood and Steel,Obsessively Detailed,No,9669
Self-Taught,Mechanism,Steel and Nightmares,Hastily Sketched,Yes,800859
Apprenticed under B. Johnson,Tower,Wood and Glass,Hastily Sketched,Yes,21564
Apprenticed under T. Geisel,Tower,Steel and Nightmares,Deceptively Ordinary,No,909506
Self-Taught,Library,Glass and Nightmares,Obsessively Detailed,No,503615
Self-Taught,Mansion,Glass and Silver,Hastily Sketched,Yes,95338
Self-Taught,Mansion,Wood and Dreams,Deceptively Ordinary,Yes,858
Apprenticed under P. Stamatin,Tower,Steel and Glass,Obsessively Detailed,Yes,41517
Self-Taught,Library,Glass and Dreams,Deceptively Ordinary,Yes,27523
Apprenticed under T. Geisel,Library,Silver and Nightmares,Obsessively Detailed,No,824169
Apprenticed under R. Penrose,Mechanism,Silver and Wood,Hastily Sketched,No,65991
Apprenticed under M. Escher,Mechanism,Wood and Glass,Deceptively Ordinary,No,40398
Self-Taught,Mechanism,Wood and Glass,Deceptively Ordinary,No,33802
Self-Taught,Tower,Steel and Wood,Hastily Sketched,No,5559
Apprenticed under R. Penrose,Tower,Wood and Silver,Hastily Sketched,No,60319
Self-Taught,Mechanism,Silver and Wood,Hastily Sketched,No,79661
Apprenticed under P. Stamatin,Mechanism,Silver and Glass,Hastily Sketched,Yes,113060
Apprenticed under B. Johnson,Mechanism,Glass and Dreams,Deceptively Ordinary,Yes,39606
Apprenticed under B. Johnson,Mechanism,Steel and Dreams,Deceptively Ordinary,Yes,3722
Self-Taught,Tower,Glass and Wood,Deceptively Ordinary,Yes,33003
Apprenticed under T. Geisel,Mansion,Silver and Steel,Obsessively Detailed,No,106030
Apprenticed under T. Geisel,Library,Wood and Dreams,Obsessively Detailed,No,748
Apprenticed under B. Johnson,Tower,Steel and Wood,Deceptively Ordinary,Yes,9992
Self-Taught,Mechanism,Wood and Steel,Deceptively Ordinary,No,8102
Self-Taught,Mechanism,Glass and Steel,Obsessively Detailed,No,30741
Self-Taught,Tower,Silver and Steel,Obsessively Detailed,No,90452
Apprenticed under T. Geisel,Tower,Glass and Wood,Hastily Sketched,No,26586
Apprenticed under P. Stamatin,Tower,Steel and Silver,Deceptively Ordinary,Yes,60673
Apprenticed under R. Penrose,Mansion,Silver and Steel,Hastily Sketched,No,59101
Apprenticed under P. Stamatin,Mechanism,Wood and Glass,Hastily Sketched,Yes,30053
Self-Taught,Library,Silver and Steel,Hastily Sketched,Yes,80877
Self-Taught,Library,Wood and Nightmares,Deceptively Ordinary,Yes,406353
Apprenticed under R. Penrose,Mansion,Steel and Wood,Obsessively Detailed,No,3887
Apprenticed under B. Johnson,Mechanism,Glass and Wood,Obsessively Detailed,Yes,39291
Self-Taught,Tower,Steel and Nightmares,Obsessively Detailed,Yes,857308
Apprenticed under R. Penrose,Mechanism,Steel and Wood,Hastily Sketched,No,4870
Apprenticed under P. Stamatin,Mechanism,Silver and Steel,Deceptively Ordinary,Yes,107264
Self-Taught,Mechanism,Glass and Dreams,Deceptively Ordinary,Yes,32745
Self-Taught,Mansion,Steel and Nightmares,Hastily Sketched,No,779383
Self-Taught,Mechanism,Glass and Wood,Hastily Sketched,Yes,36015
Apprenticed under P. Stamatin,Mechanism,Silver and Wood,Deceptively Ordinary,Yes,86614
Apprenticed under T. Geisel,Tower,Wood and Steel,Deceptively Ordinary,No,4982
Apprenticed under M. Escher,Mechanism,Glass and Steel,Hastily Sketched,No,32958
Apprenticed under T. Geisel,Mechanism,Wood and Glass,Obsessively Detailed,No,26595
Apprenticed under B. Johnson,Mansion,Silver and Glass,Obsessively Detailed,Yes,111073
Self-Taught,Mansion,Silver and Dreams,Obsessively Detailed,Yes,59892
Self-Taught,Mechanism,Wood and Glass,Obsessively Detailed,No,38104
Apprenticed under B. Johnson,Tower,Glass and Wood,Hastily Sketched,Yes,35100
Self-Taught,Library,Silver and Dreams,Hastily Sketched,Yes,81102
Apprenticed under T. Geisel,Mansion,Silver and Wood,Hastily Sketched,No,63379
Apprenticed under P. Stamatin,Mechanism,Silver and Wood,Deceptively Ordinary,Yes,72103
Apprenticed under T. Geisel,Mechanism,Wood and Dreams,Obsessively Detailed,No,900
Self-Taught,Mechanism,Silver and Nightmares,Obsessively Detailed,No,771529
Self-Taught,Mansion,Glass and Dreams,Obsessively Detailed,Yes,26027
Apprenticed under R. Penrose,Library,Glass and Nightmares,Hastily Sketched,No,240593
Apprenticed under T. Geisel,Mansion,Wood and Glass,Hastily Sketched,No,34076
Apprenticed under P. Stamatin,Tower,Wood and Silver,Deceptively Ordinary,Yes,55863
Self-Taught,Mansion,Steel and Nightmares,Hastily Sketched,No,825465
Self-Taught,Tower,Glass and Silver,Hastily Sketched,No,117271
Self-Taught,Library,Glass and Wood,Hastily Sketched,Yes,30257
Apprenticed under B. Johnson,Tower,Silver and Glass,Obsessively Detailed,Yes,78933
Self-Taught,Tower,Wood and Steel,Obsessively Detailed,No,4743
Apprenticed under T. Geisel,Tower,Silver and Glass,Obsessively Detailed,No,111973
Self-Taught,Mansion,Wood and Nightmares,Obsessively Detailed,No,682964
Self-Taught,Mansion,Steel and Silver,Deceptively Ordinary,No,95698
Apprenticed under M. Escher,Library,Glass and Steel,Hastily Sketched,No,39000
Self-Taught,Mechanism,Silver and Steel,Hastily Sketched,No,82020
Apprenticed under B. Johnson,Mansion,Steel and Nightmares,Hastily Sketched,Yes,577286
Apprenticed under P. Stamatin,Tower,Glass and Wood,Obsessively Detailed,Yes,32809
Self-Taught,Mechanism,Steel and Glass,Obsessively Detailed,No,28890
Self-Taught,Tower,Wood and Glass,Obsessively Detailed,Yes,34729
Apprenticed under R. Penrose,Mansion,Steel and Silver,Hastily Sketched,No,53771
Apprenticed under P. Stamatin,Library,Glass and Nightmares,Obsessively Detailed,Yes,396440
Apprenticed under T. Geisel,Mansion,Silver and Glass,Deceptively Ordinary,No,106361
Self-Taught,Tower,Glass and Steel,Obsessively Detailed,No,34779
Apprenticed under M. Escher,Mechanism,Glass and Wood,Deceptively Ordinary,No,40212
Apprenticed under B. Johnson,Mansion,Glass and Nightmares,Obsessively Detailed,Yes,548971
Apprenticed under P. Stamatin,Mansion,Glass and Nightmares,Deceptively Ordinary,Yes,474197
Apprenticed under R. Penrose,Mechanism,Glass and Wood,Hastily Sketched,No,29469
Apprenticed under T. Geisel,Tower,Steel and Nightmares,Deceptively Ordinary,No,223078
Apprenticed under T. Geisel,Tower,Glass and Wood,Hastily Sketched,No,36103
Apprenticed under R. Penrose,Tower,Silver and Wood,Hastily Sketched,No,51256
Apprenticed under B. Johnson,Mansion,Silver and Nightmares,Hastily Sketched,Yes,616803
Apprenticed under R. Penrose,Tower,Glass and Wood,Hastily Sketched,No,38468
Self-Taught,Mechanism,Glass and Nightmares,Obsessively Detailed,Yes,251881
Self-Taught,Mansion,Wood and Glass,Hastily Sketched,No,37404
Self-Taught,Mechanism,Glass and Nightmares,Obsessively Detailed,Yes,281987
Self-Taught,Tower,Glass and Dreams,Hastily Sketched,Yes,26177
Apprenticed under B. Johnson,Tower,Silver and Wood,Hastily Sketched,Yes,74027
Self-Taught,Tower,Steel and Nightmares,Obsessively Detailed,Yes,254870
Apprenticed under M. Escher,Library,Steel and Dreams,Obsessively Detailed,No,2801
Self-Taught,Tower,Silver and Glass,Deceptively Ordinary,No,109718
Self-Taught,Tower,Silver and Steel,Deceptively Ordinary,No,63512
Self-Taught,Library,Wood and Silver,Hastily Sketched,No,69803
Apprenticed under T. Geisel,Mechanism,Silver and Steel,Obsessively Detailed,No,83732
Apprenticed under T. Geisel,Tower,Glass and Silver,Hastily Sketched,No,93304
Apprenticed under M. Escher,Mansion,Glass and Nightmares,Deceptively Ordinary,No,246881
Self-Taught,Tower,Silver and Steel,Obsessively Detailed,No,69700
Self-Taught,Tower,Silver and Glass,Deceptively Ordinary,No,95606
Self-Taught,Tower,Silver and Wood,Deceptively Ordinary,No,67168
Self-Taught,Mechanism,Wood and Glass,Obsessively Detailed,Yes,33356
Apprenticed under B. Johnson,Library,Steel and Nightmares,Deceptively Ordinary,Yes,823950
Self-Taught,Mansion,Steel and Silver,Hastily Sketched,No,74360
Apprenticed under M. Escher,Mansion,Steel and Silver,Obsessively Detailed,No,104387
Self-Taught,Library,Silver and Steel,Hastily Sketched,Yes,84490
Apprenticed under B. Johnson,Mansion,Silver and Wood,Obsessively Detailed,Yes,93892
Self-Taught,Mansion,Glass and Silver,Hastily Sketched,Yes,123531
Apprenticed under R. Penrose,Mechanism,Silver and Dreams,Hastily Sketched,No,90676
Self-Taught,Tower,Steel and Dreams,Deceptively Ordinary,Yes,9119
Apprenticed under R. Penrose,Tower,Steel and Dreams,Deceptively Ordinary,No,9006
Apprenticed under R. Penrose,Mechanism,Glass and Steel,Deceptively Ordinary,No,30676
Apprenticed under P. Stamatin,Mansion,Glass and Wood,Hastily Sketched,Yes,35314
Apprenticed under B. Johnson,Library,Silver and Nightmares,Obsessively Detailed,Yes,813522
Self-Taught,Mechanism,Silver and Nightmares,Deceptively Ordinary,No,392699
Apprenticed under P. Stamatin,Mansion,Silver and Glass,Obsessively Detailed,Yes,106440
Self-Taught,Library,Silver and Wood,Hastily Sketched,Yes,96429
Self-Taught,Tower,Wood and Steel,Deceptively Ordinary,Yes,7920
Apprenticed under T. Geisel,Mechanism,Silver and Nightmares,Deceptively Ordinary,No,473850
Apprenticed under T. Geisel,Tower,Silver and Steel,Hastily Sketched,No,74882
Apprenticed under P. Stamatin,Mechanism,Glass and Silver,Hastily Sketched,Yes,114988
Apprenticed under M. Escher,Mansion,Wood and Nightmares,Hastily Sketched,No,269222
Apprenticed under M. Escher,Mansion,Wood and Nightmares,Hastily Sketched,No,848566
Apprenticed under R. Penrose,Mansion,Steel and Silver,Deceptively Ordinary,No,92764
Apprenticed under B. Johnson,Mechanism,Wood and Silver,Obsessively Detailed,Yes,52043
Apprenticed under T. Geisel,Tower,Glass and Steel,Hastily Sketched,No,27707
Apprenticed under R. Penrose,Mechanism,Steel and Nightmares,Deceptively Ordinary,No,556707
Apprenticed under B. Johnson,Tower,Steel and Glass,Deceptively Ordinary,Yes,35228
Apprenticed under M. Escher,Tower,Glass and Dreams,Deceptively Ordinary,No,25276
Apprenticed under B. Johnson,Mechanism,Glass and Dreams,Hastily Sketched,Yes,30078
Apprenticed under T. Geisel,Tower,Wood and Dreams,Deceptively Ordinary,No,735
Self-Taught,Tower,Silver and Nightmares,Obsessively Detailed,Yes,342918
Apprenticed under T. Geisel,Tower,Steel and Glass,Hastily Sketched,No,42275
Apprenticed under B. Johnson,Library,Glass and Dreams,Obsessively Detailed,Yes,26167
Self-Taught,Tower,Silver and Nightmares,Deceptively Ordinary,No,354706
Self-Taught,Mechanism,Silver and Glass,Deceptively Ordinary,No,93467
Apprenticed under M. Escher,Mansion,Steel and Nightmares,Hastily Sketched,No,312055
Apprenticed under T. Geisel,Mansion,Glass and Steel,Deceptively Ordinary,No,30610
Self-Taught,Library,Wood and Steel,Deceptively Ordinary,Yes,7239
Apprenticed under P. Stamatin,Library,Wood and Steel,Hastily Sketched,Yes,4136
Apprenticed under T. Geisel,Library,Wood and Nightmares,Hastily Sketched,No,807782
Apprenticed under T. Geisel,Mansion,Steel and Dreams,Obsessively Detailed,No,7197
Self-Taught,Mechanism,Glass and Wood,Hastily Sketched,Yes,35208
Apprenticed under B. Johnson,Tower,Silver and Dreams,Obsessively Detailed,Yes,54463
Apprenticed under B. Johnson,Tower,Steel and Nightmares,Hastily Sketched,Yes,330326
Self-Taught,Mansion,Wood and Silver,Hastily Sketched,Yes,55772
Apprenticed under M. Escher,Mansion,Wood and Glass,Deceptively Ordinary,No,26063
Apprenticed under T. Geisel,Mechanism,Silver and Wood,Obsessively Detailed,No,71130
Self-Taught,Tower,Wood and Nightmares,Hastily Sketched,No,921931
Apprenticed under T. Geisel,Library,Silver and Nightmares,Obsessively Detailed,No,557349
Apprenticed under P. Stamatin,Mansion,Wood and Glass,Hastily Sketched,Yes,30665
Self-Taught,Tower,Glass and Wood,Deceptively Ordinary,Yes,27827
Apprenticed under T. Geisel,Tower,Steel and Wood,Obsessively Detailed,No,7208
Apprenticed under T. Geisel,Mechanism,Silver and Nightmares,Deceptively Ordinary,No,1001644
Apprenticed under M. Escher,Mansion,Steel and Dreams,Hastily Sketched,No,3566
Self-Taught,Mansion,Wood and Glass,Hastily Sketched,Yes,40381
Apprenticed under R. Penrose,Mechanism,Glass and Silver,Obsessively Detailed,No,126686
Apprenticed under T. Geisel,Mechanism,Wood and Steel,Deceptively Ordinary,No,4155
Apprenticed under B. Johnson,Library,Silver and Dreams,Obsessively Detailed,Yes,56990
Self-Taught,Tower,Wood and Dreams,Hastily Sketched,Yes,834
Apprenticed under B. Johnson,Tower,Silver and Wood,Hastily Sketched,Yes,95423
Apprenticed under T. Geisel,Library,Glass and Silver,Obsessively Detailed,No,134489
Self-Taught,Mansion,Wood and Nightmares,Obsessively Detailed,No,206494
Apprenticed under P. Stamatin,Library,Silver and Dreams,Hastily Sketched,Yes,88772
Apprenticed under B. Johnson,Tower,Glass and Steel,Hastily Sketched,Yes,41160
Apprenticed under P. Stamatin,Mansion,Steel and Glass,Obsessively Detailed,Yes,41532
Apprenticed under P. Stamatin,Mechanism,Glass and Steel,Obsessively Detailed,Yes,31936
Apprenticed under M. Escher,Mansion,Wood and Nightmares,Hastily Sketched,No,771982
Apprenticed under M. Escher,Mansion,Steel and Glass,Obsessively Detailed,No,45046
Apprenticed under B. Johnson,Tower,Glass and Wood,Hastily Sketched,Yes,39607
Self-Taught,Tower,Silver and Steel,Deceptively Ordinary,Yes,82842
Apprenticed under P. Stamatin,Tower,Wood and Glass,Deceptively Ordinary,Yes,23309
Self-Taught,Mechanism,Wood and Dreams,Obsessively Detailed,No,861
Apprenticed under R. Penrose,Tower,Silver and Wood,Hastily Sketched,No,82988
Self-Taught,Mansion,Wood and Glass,Deceptively Ordinary,No,25009
Self-Taught,Mechanism,Steel and Silver,Obsessively Detailed,Yes,73682
Self-Taught,Library,Silver and Wood,Hastily Sketched,Yes,96865
Apprenticed under M. Escher,Library,Wood and Steel,Deceptively Ordinary,No,5682
Self-Taught,Tower,Wood and Glass,Hastily Sketched,Yes,38364
Apprenticed under M. Escher,Mansion,Silver and Glass,Hastily Sketched,No,96045
Apprenticed under P. Stamatin,Mansion,Glass and Wood,Obsessively Detailed,Yes,21847
Self-Taught,Mechanism,Glass and Steel,Hastily Sketched,No,41362
Apprenticed under M. Escher,Mechanism,Steel and Silver,Obsessively Detailed,No,100183
Apprenticed under B. Johnson,Tower,Steel and Glass,Deceptively Ordinary,Yes,32355
Self-Taught,Mechanism,Steel and Dreams,Obsessively Detailed,Yes,4636
Apprenticed under P. Stamatin,Mechanism,Glass and Dreams,Hastily Sketched,Yes,28282
Self-Taught,Mechanism,Steel and Wood,Deceptively Ordinary,No,6822
Apprenticed under R. Penrose,Mechanism,Glass and Wood,Obsessively Detailed,No,39756
Apprenticed under R. Penrose,Mansion,Wood and Silver,Obsessively Detailed,No,62656
Self-Taught,Mechanism,Steel and Nightmares,Hastily Sketched,No,488675
Self-Taught,Mechanism,Glass and Silver,Hastily Sketched,Yes,109146
Self-Taught,Library,Silver and Nightmares,Hastily Sketched,No,874758
Apprenticed under B. Johnson,Mansion,Silver and Wood,Deceptively Ordinary,Yes,65263
Apprenticed under B. Johnson,Library,Wood and Steel,Obsessively Detailed,Yes,3935
Apprenticed under M. Escher,Mansion,Glass and Wood,Obsessively Detailed,No,26113
Self-Taught,Mansion,Wood and Dreams,Obsessively Detailed,Yes,963
Self-Taught,Library,Wood and Silver,Obsessively Detailed,Yes,87728
Apprenticed under R. Penrose,Library,Wood and Silver,Obsessively Detailed,No,95392
Apprenticed under M. Escher,Mechanism,Glass and Silver,Hastily Sketched,No,109376
Self-Taught,Tower,Wood and Silver,Deceptively Ordinary,Yes,52947
Self-Taught,Tower,Silver and Glass,Hastily Sketched,No,99358
Apprenticed under R. Penrose,Tower,Glass and Wood,Obsessively Detailed,No,36654
Apprenticed under B. Johnson,Mansion,Glass and Nightmares,Obsessively Detailed,Yes,700456
Self-Taught,Mechanism,Steel and Glass,Hastily Sketched,Yes,46237
Apprenticed under T. Geisel,Tower,Silver and Steel,Hastily Sketched,No,75392
Apprenticed under B. Johnson,Mechanism,Wood and Glass,Deceptively Ordinary,Yes,29230
Apprenticed under P. Stamatin,Mansion,Steel and Dreams,Obsessively Detailed,Yes,6583
Apprenticed under B. Johnson,Tower,Wood and Nightmares,Obsessively Detailed,Yes,515261
Apprenticed under R. Penrose,Tower,Steel and Nightmares,Obsessively Detailed,No,230234
Self-Taught,Mansion,Steel and Glass,Hastily Sketched,No,28587
Apprenticed under P. Stamatin,Mechanism,Silver and Wood,Obsessively Detailed,Yes,68437
Self-Taught,Mansion,Silver and Glass,Obsessively Detailed,Yes,115870
Apprenticed under P. Stamatin,Library,Silver and Wood,Hastily Sketched,Yes,61218
Apprenticed under T. Geisel,Mansion,Silver and Steel,Hastily Sketched,No,93159
Apprenticed under B. Johnson,Mansion,Wood and Steel,Deceptively Ordinary,Yes,3783
Apprenticed under R. Penrose,Mechanism,Glass and Wood,Obsessively Detailed,No,25320
Self-Taught,Mechanism,Silver and Nightmares,Obsessively Detailed,No,1025864
Apprenticed under B. Johnson,Mechanism,Wood and Silver,Hastily Sketched,Yes,75068
Apprenticed under R. Penrose,Library,Wood and Dreams,Hastily Sketched,No,940
Apprenticed under T. Geisel,Tower,Silver and Wood,Obsessively Detailed,No,100599
Self-Taught,Mechanism,Steel and Glass,Hastily Sketched,No,31063
Apprenticed under P. Stamatin,Tower,Silver and Nightmares,Obsessively Detailed,Yes,904265
Apprenticed under M. Escher,Tower,Silver and Wood,Hastily Sketched,No,60493
Apprenticed under B. Johnson,Mansion,Steel and Glass,Hastily Sketched,Yes,27762
Self-Taught,Mansion,Wood and Steel,Deceptively Ordinary,Yes,9267
Self-Taught,Library,Wood and Glass,Obsessively Detailed,Yes,40237
Apprenticed under T. Geisel,Mansion,Wood and Dreams,Obsessively Detailed,No,717
Apprenticed under M. Escher,Library,Silver and Wood,Hastily Sketched,No,87773
Self-Taught,Mechanism,Silver and Glass,Obsessively Detailed,No,94923
Self-Taught,Library,Glass and Nightmares,Hastily Sketched,No,435667
Apprenticed under R. Penrose,Mechanism,Steel and Nightmares,Hastily Sketched,No,360011
Apprenticed under P. Stamatin,Mansion,Wood and Steel,Obsessively Detailed,Yes,6702
Apprenticed under B. Johnson,Mansion,Wood and Silver,Hastily Sketched,Yes,74012
Apprenticed under M. Escher,Mechanism,Silver and Steel,Hastily Sketched,No,78473
Apprenticed under P. Stamatin,Library,Silver and Dreams,Obsessively Detailed,Yes,58876
Apprenticed under T. Geisel,Tower,Silver and Steel,Hastily Sketched,No,78282
Apprenticed under R. Penrose,Mansion,Wood and Silver,Obsessively Detailed,No,99834
Apprenticed under P. Stamatin,Mechanism,Wood and Steel,Obsessively Detailed,Yes,7850
Self-Taught,Tower,Glass and Silver,Hastily Sketched,Yes,102705
Apprenticed under P. Stamatin,Tower,Glass and Silver,Hastily Sketched,Yes,98503
Apprenticed under B. Johnson,Tower,Wood and Steel,Hastily Sketched,Yes,7608
Self-Taught,Tower,Wood and Nightmares,Obsessively Detailed,No,692918
Apprenticed under P. Stamatin,Mansion,Silver and Steel,Hastily Sketched,Yes,67510
Apprenticed under T. Geisel,Tower,Glass and Silver,Deceptively Ordinary,No,103810
Apprenticed under T. Geisel,Tower,Wood and Nightmares,Obsessively Detailed,No,840093
Self-Taught,Library,Silver and Dreams,Obsessively Detailed,Yes,99410
Apprenticed under P. Stamatin,Tower,Silver and Steel,Hastily Sketched,Yes,90431
Apprenticed under B. Johnson,Mansion,Silver and Steel,Deceptively Ordinary,Yes,65218
Apprenticed under B. Johnson,Mechanism,Steel and Silver,Deceptively Ordinary,Yes,59451
Self-Taught,Mansion,Silver and Dreams,Hastily Sketched,Yes,91761
Apprenticed under R. Penrose,Mansion,Silver and Wood,Deceptively Ordinary,No,62904
Apprenticed under M. Escher,Tower,Silver and Nightmares,Hastily Sketched,No,839125
Self-Taught,Tower,Silver and Dreams,Hastily Sketched,No,97075
Apprenticed under B. Johnson,Mechanism,Steel and Dreams,Hastily Sketched,Yes,3334
Self-Taught,Tower,Wood and Steel,Obsessively Detailed,Yes,6903
Apprenticed under T. Geisel,Mechanism,Silver and Steel,Obsessively Detailed,No,86702
Apprenticed under M. Escher,Library,Silver and Glass,Deceptively Ordinary,No,126897
Self-Taught,Tower,Steel and Nightmares,Hastily Sketched,Yes,236350
Apprenticed under R. Penrose,Tower,Glass and Silver,Obsessively Detailed,No,104955
Apprenticed under P. Stamatin,Mansion,Glass and Dreams,Obsessively Detailed,Yes,30443
Apprenticed under T. Geisel,Mechanism,Silver and Steel,Deceptively Ordinary,No,87801
Apprenticed under P. Stamatin,Mechanism,Wood and Silver,Deceptively Ordinary,Yes,83756
Apprenticed under M. Escher,Tower,Silver and Steel,Obsessively Detailed,No,108413
Apprenticed under P. Stamatin,Mansion,Steel and Glass,Hastily Sketched,Yes,45654
Apprenticed under T. Geisel,Library,Silver and Dreams,Deceptively Ordinary,No,87155
Apprenticed under B. Johnson,Mansion,Wood and Silver,Obsessively Detailed,Yes,84255
Self-Taught,Tower,Glass and Dreams,Obsessively Detailed,No,22203
Self-Taught,Mechanism,Steel and Nightmares,Hastily Sketched,No,941864
Self-Taught,Library,Silver and Glass,Deceptively Ordinary,No,85638
Apprenticed under R. Penrose,Mechanism,Steel and Silver,Hastily Sketched,No,59292
Apprenticed under T. Geisel,Mechanism,Glass and Steel,Hastily Sketched,No,39975
Apprenticed under M. Escher,Tower,Steel and Nightmares,Obsessively Detailed,No,582925
Apprenticed under P. Stamatin,Tower,Steel and Dreams,Obsessively Detailed,Yes,2418
Apprenticed under T. Geisel,Mansion,Silver and Dreams,Obsessively Detailed,No,67061
Apprenticed under P. Stamatin,Tower,Glass and Silver,Hastily Sketched,Yes,89891
Apprenticed under B. Johnson,Mechanism,Wood and Steel,Obsessively Detailed,Yes,2833
Apprenticed under P. Stamatin,Mechanism,Glass and Wood,Obsessively Detailed,Yes,26524
Self-Taught,Mechanism,Steel and Wood,Deceptively Ordinary,Yes,3729
Apprenticed under T. Geisel,Mechanism,Silver and Glass,Obsessively Detailed,No,118261
Apprenticed under B. Johnson,Tower,Steel and Glass,Hastily Sketched,Yes,36877
Apprenticed under B. Johnson,Library,Silver and Glass,Hastily Sketched,Yes,85960
Self-Taught,Tower,Silver and Glass,Obsessively Detailed,No,117032
Self-Taught,Mansion,Silver and Glass,Deceptively Ordinary,Yes,87665
Apprenticed under P. Stamatin,Tower,Silver and Glass,Obsessively Detailed,Yes,87247
Apprenticed under T. Geisel,Tower,Wood and Silver,Obsessively Detailed,No,78940
Self-Taught,Library,Steel and Silver,Hastily Sketched,No,78550
Apprenticed under P. Stamatin,Mansion,Glass and Wood,Hastily Sketched,Yes,24120
Apprenticed under B. Johnson,Mansion,Glass and Nightmares,Obsessively Detailed,Yes,538335
Self-Taught,Library,Steel and Dreams,Obsessively Detailed,Yes,9156
Self-Taught,Mechanism,Silver and Wood,Hastily Sketched,Yes,57751
Apprenticed under P. Stamatin,Mansion,Glass and Dreams,Hastily Sketched,Yes,26886
Self-Taught,Tower,Wood and Silver,Deceptively Ordinary,No,68002
Apprenticed under R. Penrose,Library,Glass and Nightmares,Deceptively Ordinary,No,371473
Apprenticed under R. Penrose,Tower,Steel and Wood,Deceptively Ordinary,No,4051
Apprenticed under P. Stamatin,Tower,Silver and Steel,Obsessively Detailed,Yes,84945
Apprenticed under R. Penrose,Tower,Glass and Steel,Deceptively Ordinary,No,28725
Apprenticed under P. Stamatin,Mansion,Glass and Dreams,Hastily Sketched,Yes,25189
Apprenticed under T. Geisel,Mechanism,Glass and Dreams,Obsessively Detailed,No,27476
Apprenticed under T. Geisel,Tower,Wood and Glass,Hastily Sketched,No,29774
Apprenticed under R. Penrose,Mansion,Steel and Nightmares,Obsessively Detailed,No,311197
Apprenticed under P. Stamatin,Mansion,Wood and Silver,Hastily Sketched,Yes,65468
Apprenticed under B. Johnson,Tower,Wood and Glass,Obsessively Detailed,Yes,28886
Apprenticed under P. Stamatin,Mechanism,Steel and Silver,Deceptively Ordinary,Yes,62488
Self-Taught,Tower,Wood and Steel,Deceptively Ordinary,No,7326
Apprenticed under T. Geisel,Tower,Steel and Nightmares,Hastily Sketched,No,925927
Apprenticed under M. Escher,Mansion,Steel and Glass,Deceptively Ordinary,No,34292
Self-Taught,Mechanism,Steel and Nightmares,Hastily Sketched,Yes,895212
Apprenticed under B. Johnson,Mansion,Steel and Nightmares,Hastily Sketched,Yes,840656
Apprenticed under T. Geisel,Tower,Silver and Steel,Obsessively Detailed,No,85292
Apprenticed under M. Escher,Tower,Silver and Glass,Obsessively Detailed,No,122145
Apprenticed under M. Escher,Mechanism,Silver and Steel,Deceptively Ordinary,No,89036
Self-Taught,Library,Steel and Silver,Obsessively Detailed,No,94637
Apprenticed under T. Geisel,Mechanism,Glass and Steel,Obsessively Detailed,No,43856
Apprenticed under P. Stamatin,Tower,Steel and Nightmares,Deceptively Ordinary,Yes,572895
Apprenticed under M. Escher,Library,Wood and Glass,Deceptively Ordinary,No,37924
Self-Taught,Mansion,Wood and Steel,Hastily Sketched,No,3648
Apprenticed under T. Geisel,Tower,Glass and Silver,Obsessively Detailed,No,78421
Self-Taught,Mechanism,Glass and Steel,Hastily Sketched,Yes,35137
Apprenticed under T. Geisel,Tower,Steel and Glass,Deceptively Ordinary,No,38929
Apprenticed under B. Johnson,Tower,Wood and Dreams,Hastily Sketched,Yes,671
Apprenticed under P. Stamatin,Mansion,Steel and Nightmares,Hastily Sketched,Yes,965076
Self-Taught,Mechanism,Silver and Steel,Deceptively Ordinary,No,93529
Self-Taught,Tower,Steel and Glass,Obsessively Detailed,Yes,31678
Apprenticed under R. Penrose,Mechanism,Silver and Glass,Obsessively Detailed,No,87912
Self-Taught,Tower,Silver and Steel,Obsessively Detailed,No,66234
Self-Taught,Tower,Glass and Nightmares,Hastily Sketched,No,747945
Apprenticed under P. Stamatin,Tower,Wood and Steel,Hastily Sketched,Yes,9006
Self-Taught,Mansion,Silver and Wood,Obsessively Detailed,Yes,61693
Apprenticed under P. Stamatin,Tower,Steel and Wood,Deceptively Ordinary,Yes,5102
Self-Taught,Mechanism,Glass and Dreams,Obsessively Detailed,Yes,39948
Apprenticed under P. Stamatin,Mechanism,Silver and Wood,Hastily Sketched,Yes,79139
Self-Taught,Mansion,Wood and Nightmares,Obsessively Detailed,Yes,465054
Apprenticed under B. Johnson,Mansion,Steel and Dreams,Obsessively Detailed,Yes,4424
Self-Taught,Mansion,Wood and Glass,Hastily Sketched,Yes,23324
Apprenticed under B. Johnson,Mechanism,Silver and Dreams,Deceptively Ordinary,Yes,77355
Self-Taught,Tower,Wood and Silver,Deceptively Ordinary,Yes,55959
Apprenticed under P. Stamatin,Tower,Silver and Nightmares,Hastily Sketched,Yes,441782
Apprenticed under P. Stamatin,Library,Silver and Wood,Hastily Sketched,Yes,92318
Apprenticed under P. Stamatin,Tower,Wood and Glass,Hastily Sketched,Yes,31696
Self-Taught,Tower,Steel and Silver,Obsessively Detailed,No,69491
Self-Taught,Mansion,Glass and Wood,Obsessively Detailed,Yes,21396
Apprenticed under P. Stamatin,Library,Wood and Dreams,Obsessively Detailed,Yes,524
Apprenticed under B. Johnson,Mansion,Steel and Glass,Obsessively Detailed,Yes,33326
Self-Taught,Mansion,Silver and Steel,Hastily Sketched,No,57015
Apprenticed under M. Escher,Library,Wood and Nightmares,Obsessively Detailed,No,897932
Apprenticed under B. Johnson,Mechanism,Wood and Nightmares,Obsessively Detailed,Yes,228412
Apprenticed under R. Penrose,Mechanism,Steel and Glass,Hastily Sketched,No,25298
Self-Taught,Mechanism,Steel and Wood,Deceptively Ordinary,No,10011
Self-Taught,Mechanism,Steel and Silver,Hastily Sketched,Yes,87594
Apprenticed under B. Johnson,Mechanism,Steel and Dreams,Hastily Sketched,Yes,8990
Self-Taught,Mansion,Silver and Nightmares,Deceptively Ordinary,Yes,433996
Self-Taught,Mechanism,Silver and Nightmares,Hastily Sketched,No,732960
Self-Taught,Tower,Glass and Steel,Obsessively Detailed,No,40095
Apprenticed under M. Escher,Mansion,Silver and Steel,Obsessively Detailed,No,64080
Apprenticed under R. Penrose,Mechanism,Glass and Wood,Obsessively Detailed,No,39911
Apprenticed under P. Stamatin,Mansion,Glass and Steel,Obsessively Detailed,Yes,35558
Self-Taught,Tower,Glass and Steel,Hastily Sketched,Yes,34393
Self-Taught,Mansion,Glass and Wood,Obsessively Detailed,No,37963
Apprenticed under P. Stamatin,Mansion,Wood and Glass,Obsessively Detailed,Yes,29776
Self-Taught,Tower,Wood and Nightmares,Obsessively Detailed,No,412866
Apprenticed under T. Geisel,Mansion,Steel and Wood,Obsessively Detailed,No,3833
Apprenticed under P. Stamatin,Mansion,Silver and Glass,Deceptively Ordinary,Yes,90521
Apprenticed under B. Johnson,Mechanism,Wood and Silver,Hastily Sketched,Yes,98588
Apprenticed under R. Penrose,Tower,Silver and Wood,Deceptively Ordinary,No,72014
Apprenticed under M. Escher,Mechanism,Silver and Wood,Hastily Sketched,No,64280
Self-Taught,Tower,Wood and Dreams,Deceptively Ordinary,Yes,651
Apprenticed under T. Geisel,Mechanism,Glass and Silver,Hastily Sketched,No,103462
Self-Taught,Mechanism,Steel and Glass,Hastily Sketched,Yes,35767
Apprenticed under P. Stamatin,Library,Wood and Silver,Hastily Sketched,Yes,53949
Apprenticed under P. Stamatin,Mechanism,Steel and Wood,Obsessively Detailed,Yes,3651
Self-Taught,Mechanism,Silver and Wood,Obsessively Detailed,No,93381
Apprenticed under T. Geisel,Mansion,Wood and Steel,Obsessively Detailed,No,5348
Apprenticed under B. Johnson,Mansion,Steel and Dreams,Hastily Sketched,Yes,5672
Apprenticed under T. Geisel,Tower,Wood and Glass,Hastily Sketched,No,24384
Self-Taught,Mansion,Steel and Nightmares,Hastily Sketched,No,672587
Self-Taught,Tower,Glass and Dreams,Obsessively Detailed,Yes,29096
Apprenticed under R. Penrose,Mansion,Silver and Steel,Deceptively Ordinary,No,109546
Self-Taught,Mechanism,Silver and Glass,Hastily Sketched,No,77940
Apprenticed under T. Geisel,Mansion,Silver and Wood,Hastily Sketched,No,87035
Self-Taught,Mechanism,Wood and Nightmares,Deceptively Ordinary,Yes,537385
Self-Taught,Mechanism,Silver and Nightmares,Deceptively Ordinary,Yes,864966
Apprenticed under B. Johnson,Tower,Silver and Glass,Hastily Sketched,Yes,101648
Self-Taught,Mansion,Steel and Glass,Hastily Sketched,Yes,35362
Apprenticed under P. Stamatin,Mechanism,Silver and Steel,Hastily Sketched,Yes,86381
Apprenticed under B. Johnson,Tower,Glass and Wood,Obsessively Detailed,Yes,35221
Self-Taught,Mechanism,Wood and Silver,Obsessively Detailed,Yes,78755
Self-Taught,Tower,Steel and Silver,Obsessively Detailed,No,60847
Self-Taught,Mechanism,Wood and Steel,Deceptively Ordinary,Yes,5927
Apprenticed under R. Penrose,Library,Steel and Dreams,Obsessively Detailed,No,2826
Apprenticed under M. Escher,Mansion,Silver and Glass,Deceptively Ordinary,No,112748
Apprenticed under T. Geisel,Tower,Wood and Nightmares,Deceptively Ordinary,No,501493
Apprenticed under T. Geisel,Tower,Glass and Silver,Obsessively Detailed,No,104030
Self-Taught,Mechanism,Steel and Wood,Hastily Sketched,Yes,9676
Self-Taught,Tower,Glass and Wood,Deceptively Ordinary,No,33117
Apprenticed under R. Penrose,Mansion,Glass and Nightmares,Obsessively Detailed,No,384120
Apprenticed under P. Stamatin,Mansion,Glass and Dreams,Hastily Sketched,Yes,33317
Apprenticed under B. Johnson,Mechanism,Wood and Dreams,Deceptively Ordinary,Yes,829
Apprenticed under T. Geisel,Mansion,Wood and Nightmares,Obsessively Detailed,No,886642
Apprenticed under R. Penrose,Mansion,Glass and Wood,Hastily Sketched,No,30554
Apprenticed under B. Johnson,Mansion,Steel and Silver,Hastily Sketched,Yes,53453
Apprenticed under P. Stamatin,Tower,Silver and Glass,Obsessively Detailed,Yes,100656
Self-Taught,Mechanism,Steel and Silver,Deceptively Ordinary,No,78007
Apprenticed under M. Escher,Mansion,Steel and Dreams,Hastily Sketched,No,9833
Apprenticed under B. Johnson,Mansion,Wood and Silver,Obsessively Detailed,Yes,54424
Apprenticed under T. Geisel,Library,Silver and Glass,Obsessively Detailed,No,97930
Self-Taught,Library,Wood and Steel,Obsessively Detailed,No,6271
Self-Taught,Library,Steel and Glass,Hastily Sketched,Yes,31366
Self-Taught,Library,Steel and Silver,Obsessively Detailed,Yes,53630
Apprenticed under R. Penrose,Mechanism,Silver and Nightmares,Obsessively Detailed,No,500032
Self-Taught,Mechanism,Steel and Glass,Hastily Sketched,No,40614
Self-Taught,Tower,Silver and Glass,Hastily Sketched,Yes,127824
Self-Taught,Tower,Wood and Steel,Hastily Sketched,No,3339
Self-Taught,Tower,Wood and Glass,Obsessively Detailed,Yes,24998
Apprenticed under R. Penrose,Library,Wood and Dreams,Obsessively Detailed,No,725
Apprenticed under B. Johnson,Tower,Wood and Dreams,Hastily Sketched,Yes,819
Apprenticed under T. Geisel,Tower,Silver and Dreams,Hastily Sketched,No,89999
Self-Taught,Tower,Silver and Steel,Hastily Sketched,No,83371
Self-Taught,Mechanism,Steel and Nightmares,Obsessively Detailed,No,628592
Self-Taught,Tower,Wood and Steel,Hastily Sketched,Yes,6094
Self-Taught,Mechanism,Steel and Wood,Deceptively Ordinary,No,3947
Self-Taught,Tower,Silver and Glass,Hastily Sketched,No,96784
Apprenticed under R. Penrose,Library,Wood and Steel,Obsessively Detailed,No,10007
Self-Taught,Tower,Wood and Steel,Obsessively Detailed,No,8109
Apprenticed under B. Johnson,Tower,Glass and Steel,Deceptively Ordinary,Yes,29249
Apprenticed under P. Stamatin,Tower,Glass and Steel,Obsessively Detailed,Yes,41628
Apprenticed under B. Johnson,Library,Steel and Dreams,Obsessively Detailed,Yes,2944
Apprenticed under M. Escher,Mansion,Wood and Steel,Hastily Sketched,No,10238
Apprenticed under M. Escher,Mansion,Wood and Steel,Hastily Sketched,No,4509
Self-Taught,Mansion,Silver and Steel,Obsessively Detailed,Yes,65187
Self-Taught,Mechanism,Glass and Dreams,Obsessively Detailed,No,35232
Apprenticed under B. Johnson,Mansion,Glass and Wood,Obsessively Detailed,Yes,32276
Apprenticed under P. Stamatin,Tower,Wood and Glass,Deceptively Ordinary,Yes,33144
Apprenticed under T. Geisel,Library,Wood and Nightmares,Obsessively Detailed,No,802685
Apprenticed under B. Johnson,Library,Glass and Dreams,Deceptively Ordinary,Yes,28443
Apprenticed under T. Geisel,Mansion,Silver and Glass,Obsessively Detailed,No,128486
Apprenticed under B. Johnson,Library,Steel and Wood,Hastily Sketched,Yes,9319
Self-Taught,Tower,Glass and Dreams,Obsessively Detailed,No,33012
Self-Taught,Mechanism,Glass and Silver,Hastily Sketched,No,90940
Apprenticed under P. Stamatin,Mansion,Glass and Steel,Hastily Sketched,Yes,31919
Apprenticed under P. Stamatin,Library,Silver and Wood,Deceptively Ordinary,Yes,57749
Apprenticed under B. Johnson,Mansion,Wood and Steel,Hastily Sketched,Yes,8594
Apprenticed under B. Johnson,Mansion,Silver and Steel,Hastily Sketched,Yes,65453
Apprenticed under T. Geisel,Mechanism,Wood and Dreams,Obsessively Detailed,No,719
Apprenticed under R. Penrose,Mechanism,Wood and Silver,Hastily Sketched,No,54007
Self-Taught,Tower,Silver and Wood,Obsessively Detailed,No,60580
Apprenticed under T. Geisel,Library,Silver and Steel,Hastily Sketched,No,69428
Self-Taught,Mansion,Silver and Dreams,Obsessively Detailed,No,57265
Apprenticed under R. Penrose,Library,Glass and Nightmares,Hastily Sketched,No,293371
Apprenticed under P. Stamatin,Library,Steel and Dreams,Deceptively Ordinary,Yes,2466
Apprenticed under T. Geisel,Tower,Wood and Glass,Deceptively Ordinary,No,39078
Apprenticed under R. Penrose,Mansion,Wood and Dreams,Obsessively Detailed,No,609
Self-Taught,Mechanism,Glass and Wood,Hastily Sketched,Yes,30629
Apprenticed under P. Stamatin,Mechanism,Steel and Glass,Hastily Sketched,Yes,43739
Apprenticed under P. Stamatin,Mansion,Glass and Silver,Obsessively Detailed,Yes,88026
Self-Taught,Mechanism,Wood and Nightmares,Deceptively Ordinary,No,414803
Self-Taught,Tower,Glass and Dreams,Deceptively Ordinary,No,24708
Apprenticed under R. Penrose,Mechanism,Silver and Wood,Obsessively Detailed,No,67336
Self-Taught,Mansion,Glass and Silver,Obsessively Detailed,Yes,124821
Self-Taught,Library,Glass and Steel,Hastily Sketched,Yes,37288
Apprenticed under T. Geisel,Tower,Silver and Nightmares,Obsessively Detailed,No,984580
Self-Taught,Mansion,Glass and Steel,Obsessively Detailed,No,36877
Apprenticed under P. Stamatin,Library,Wood and Steel,Hastily Sketched,Yes,5899
Self-Taught,Mansion,Silver and Dreams,Deceptively Ordinary,Yes,79324
Apprenticed under B. Johnson,Mechanism,Silver and Nightmares,Hastily Sketched,Yes,421434
Apprenticed under T. Geisel,Tower,Glass and Wood,Hastily Sketched,No,24718
Apprenticed under B. Johnson,Mansion,Glass and Nightmares,Hastily Sketched,Yes,1021586
Self-Taught,Library,Steel and Silver,Hastily Sketched,No,85110
Self-Taught,Tower,Glass and Steel,Obsessively Detailed,Yes,33521
Self-Taught,Mechanism,Glass and Nightmares,Hastily Sketched,Yes,482627
Apprenticed under B. Johnson,Mansion,Glass and Steel,Deceptively Ordinary,Yes,40442
Apprenticed under P. Stamatin,Tower,Glass and Steel,Obsessively Detailed,Yes,44717
Self-Taught,Mansion,Steel and Glass,Obsessively Detailed,Yes,31885
Apprenticed under B. Johnson,Mechanism,Wood and Dreams,Obsessively Detailed,Yes,930
Apprenticed under T. Geisel,Mechanism,Steel and Glass,Obsessively Detailed,No,46981
Apprenticed under T. Geisel,Library,Silver and Glass,Deceptively Ordinary,No,105286
Apprenticed under T. Geisel,Mechanism,Glass and Dreams,Obsessively Detailed,No,37989
Apprenticed under P. Stamatin,Mechanism,Steel and Silver,Hastily Sketched,Yes,60423
Apprenticed under T. Geisel,Mechanism,Wood and Silver,Obsessively Detailed,No,61642
Self-Taught,Mechanism,Wood and Glass,Obsessively Detailed,Yes,27426
Apprenticed under P. Stamatin,Library,Steel and Nightmares,Deceptively Ordinary,Yes,684944
Apprenticed under M. Escher,Mechanism,Steel and Silver,Hastily Sketched,No,86531
Apprenticed under R. Penrose,Library,Glass and Wood,Hastily Sketched,No,25920
Apprenticed under P. Stamatin,Library,Steel and Wood,Obsessively Detailed,Yes,4839
Apprenticed under R. Penrose,Library,Wood and Steel,Hastily Sketched,No,4443
Self-Taught,Mechanism,Wood and Silver,Deceptively Ordinary,Yes,65814
Self-Taught,Library,Glass and Dreams,Hastily Sketched,Yes,21091
Apprenticed under P. Stamatin,Mansion,Glass and Steel,Deceptively Ordinary,Yes,32921
Apprenticed under T. Geisel,Mechanism,Wood and Silver,Obsessively Detailed,No,70299
Self-Taught,Mechanism,Silver and Wood,Deceptively Ordinary,No,93683
Apprenticed under P. Stamatin,Mansion,Silver and Steel,Hastily Sketched,Yes,92564
Self-Taught,Tower,Glass and Dreams,Hastily Sketched,No,37962
Apprenticed under P. Stamatin,Mansion,Silver and Nightmares,Obsessively Detailed,Yes,961231
Self-Taught,Library,Silver and Nightmares,Hastily Sketched,No,903349
Self-Taught,Mansion,Silver and Nightmares,Obsessively Detailed,No,362221
Self-Taught,Mansion,Silver and Glass,Hastily Sketched,No,89958
Apprenticed under B. Johnson,Mechanism,Glass and Nightmares,Deceptively Ordinary,Yes,861705
Apprenticed under T. Geisel,Tower,Wood and Nightmares,Deceptively Ordinary,No,568345
Apprenticed under R. Penrose,Mansion,Wood and Dreams,Deceptively Ordinary,No,590
Apprenticed under B. Johnson,Mansion,Steel and Nightmares,Hastily Sketched,Yes,747555
Apprenticed under P. Stamatin,Library,Steel and Nightmares,Deceptively Ordinary,Yes,848347
Apprenticed under T. Geisel,Mansion,Steel and Glass,Hastily Sketched,No,46109
Apprenticed under M. Escher,Library,Silver and Glass,Obsessively Detailed,No,116687
Apprenticed under R. Penrose,Mechanism,Silver and Nightmares,Hastily Sketched,No,682302
Self-Taught,Library,Glass and Nightmares,Hastily Sketched,No,269050
Apprenticed under M. Escher,Mechanism,Glass and Wood,Obsessively Detailed,No,38159
Apprenticed under P. Stamatin,Tower,Steel and Glass,Obsessively Detailed,Yes,43719
Self-Taught,Mansion,Silver and Steel,Deceptively Ordinary,Yes,79389
Apprenticed under M. Escher,Mechanism,Glass and Steel,Deceptively Ordinary,No,32837
Self-Taught,Tower,Silver and Dreams,Hastily Sketched,Yes,55221
Apprenticed under B. Johnson,Library,Wood and Dreams,Deceptively Ordinary,Yes,595
Self-Taught,Mansion,Steel and Wood,Deceptively Ordinary,Yes,6719
Apprenticed under P. Stamatin,Tower,Wood and Dreams,Hastily Sketched,Yes,763
Apprenticed under R. Penrose,Library,Wood and Dreams,Hastily Sketched,No,971
Apprenticed under P. Stamatin,Mechanism,Wood and Silver,Hastily Sketched,Yes,65675
Apprenticed under R. Penrose,Mechanism,Wood and Silver,Hastily Sketched,No,57177
Apprenticed under B. Johnson,Mechanism,Wood and Glass,Deceptively Ordinary,Yes,34307
Self-Taught,Tower,Silver and Nightmares,Deceptively Ordinary,No,398713
Apprenticed under M. Escher,Tower,Wood and Steel,Obsessively Detailed,No,2795
Self-Taught,Mansion,Steel and Dreams,Hastily Sketched,No,5599
Apprenticed under P. Stamatin,Tower,Silver and Steel,Obsessively Detailed,Yes,58567
Apprenticed under P. Stamatin,Mansion,Wood and Silver,Obsessively Detailed,Yes,56271
Apprenticed under R. Penrose,Mechanism,Wood and Glass,Obsessively Detailed,No,31009
Self-Taught,Tower,Steel and Dreams,Obsessively Detailed,Yes,8315
Apprenticed under M. Escher,Tower,Steel and Glass,Obsessively Detailed,No,42389
Self-Taught,Mansion,Wood and Dreams,Hastily Sketched,Yes,610
Apprenticed under B. Johnson,Tower,Steel and Silver,Hastily Sketched,Yes,97224
Apprenticed under P. Stamatin,Mechanism,Wood and Glass,Obsessively Detailed,Yes,30581
Self-Taught,Library,Glass and Dreams,Obsessively Detailed,Yes,21456
Apprenticed under M. Escher,Mansion,Wood and Steel,Hastily Sketched,No,8457
Apprenticed under B. Johnson,Tower,Glass and Steel,Obsessively Detailed,Yes,23821
Self-Taught,Mechanism,Steel and Glass,Obsessively Detailed,Yes,37853
Apprenticed under B. Johnson,Mechanism,Steel and Wood,Hastily Sketched,Yes,6370
Apprenticed under B. Johnson,Mechanism,Glass and Dreams,Deceptively Ordinary,Yes,30891
Apprenticed under B. Johnson,Mechanism,Wood and Silver,Obsessively Detailed,Yes,85686
Apprenticed under T. Geisel,Library,Glass and Silver,Hastily Sketched,No,133368
Apprenticed under T. Geisel,Tower,Steel and Silver,Obsessively Detailed,No,59603
Apprenticed under P. Stamatin,Mechanism,Silver and Nightmares,Hastily Sketched,Yes,438104
Self-Taught,Tower,Glass and Steel,Obsessively Detailed,Yes,40268
Apprenticed under R. Penrose,Mansion,Silver and Steel,Obsessively Detailed,No,66234
Apprenticed under P. Stamatin,Tower,Steel and Nightmares,Deceptively Ordinary,Yes,448038
Apprenticed under T. Geisel,Tower,Glass and Nightmares,Hastily Sketched,No,245544
Self-Taught,Mechanism,Steel and Dreams,Hastily Sketched,Yes,9999
Self-Taught,Tower,Steel and Dreams,Obsessively Detailed,No,6878
Apprenticed under B. Johnson,Mansion,Silver and Steel,Obsessively Detailed,Yes,82609
